golden sun,134
fire emblem,121
advance wars,87
metroid fusion,75
mother 3,42
final fantasy tactics advance,41
drill dozer,22
sonic advance,22
super mario advance,20
breath of fire,17
pokemon emerald,17
castlevania: aria of sorrow,15
sword of mana,15
mario & luigi: superstar saga,13
harvest moon: friends of mineral town,13
wario land 4,13
shining soul,11
mega man battle network,11
metroid: zero mission,11
pokemon ruby,11
castlevania: circle of the moon,10
tales of phantasia,10
golden sun: the lost age,10
donkey kong country,9
shin megami tensei,9
pokemon firered,7
car battler joe,6
riviera: the promised land,6
the legend of zelda: the minish cap,6
sonic battle,5
mario kart: super circuit,5
rhythm tengoku,5
kuru kuru kururin,5
ninja five-o,5
super mario advance 2,5
mario vs. donkey kong,5
mega man zero,5
castlevania: harmony of dissonance,4
advance wars 2: black hole rising,4
doom,4
fire emblem: the sacred stones,4
final fantasy vi advance,4
pokemon leafgreen,3
sonic advance 2,3
sigma star saga,3
summon night: swordcraft story,3
alien hominid,3
risk,3
banjo-kazooie: grunty's revenge,3
tekken advance,3
super mario advance 3,3
metal slug advance,2
sonic advance 3,2
scurge: hive,2
sonic the hedgehog genesis,2
river city ransom ex,2
racing gears advance,2
pokemon sapphire,2
namco museum,2
onimusha tactics,2
phantasy star collection,2
shrek 2,2
shining soul ii,2
mech platoon,2
magical vacation,2
max payne,2
iridion ii,2
classic nes series,2
wade hixton's counter punch,2
double dragon advance,2
bomberman tournament,2
driv3r,2
top gear rally,2
tmnt,2
wolfenstein 3d,2
fire pro wrestling,2
mario golf: advance tour,2
gunstar super heroes,2
invader,2
tactics ogre: the knight of lodis,2
super mario advance 4,2
kingdom hearts: chain of memories,2
kirby & the amazing mirror,2
lunar legend,2
lady sia,2
smashing drive,2
tony hawk's pro skater 2,1
super dodge ball advance,1
wings,1
v-rally 3,1
uno,1
trick star,1
zoids legacy,1
super army war,1
super robot taisen: original generation,1
tokyo xtreme racer advance,1
stuntman,1
tetris worlds,1
teenage mutant ninja turtles,1
space invaders,1
steel empire,1
yu-gi-oh! reshef of destruction,1
super puzzle fighter ii,1
super robot wars j,1
street fighter alpha 3,1
summon night: swordcraft story 2,1
mortal kombat advance,1
the sims bustin' out,1
grand theft auto advance,1
fire pro wrestling 2,1
final fantasy v advance,1
final fantasy iv advance,1
f-zero: maximum velocity,1
earthworm jim,1
duke nukem advance,1
duel masters,1
drome racers,1
dr. mario & puzzle league,1
doom ii,1
donkey kong country 3,1
ct special forces,1
colin mcrae rally 2.0,1
breath of fire ii,1
boktai: the sun is in your hand,1
blackthorne,1
astro boy: omega factor,1
gradius galaxies,1
guru logi champ,1
simcity 2000,1
kill switch,1
sheep,1
shaman king: master of spirits,1
sabre wulf,1
rocky,1
rayman 3,1
the polar express,1
pinball challenge deluxe,1
phoenix wright: ace attorney,1
moto racer advance,1
monster truck madness,1
micro machines,1
mega man battle network 2,1
mazes of fate,1
mario tennis: power tour,1
the lord of the rings: the third age,1
the legend of zelda: a link to the past,1
konami krazy racers,1
zone of the enders: the fist of mars,1
