up,260
kingdom hearts,110
shadow of the colossus,95
final fantasy x,72
god of war,70
ico,59
oni,57
burnout,47
dark cloud,44
devil may cry,36
black,35
gun,33
ssx,31
timesplitters,31
silent hill 2,30
resident evil 4,29
ratchet & clank,22
katamari damacy,22
guitar hero,21
rogue galaxy,21
air,20
zone of the enders,18
shadow hearts,16
dark cloud 2,15
fatal frame,13
psychonauts,13
final fantasy xi,13
bully,13
final fantasy xii,13
timesplitters 2,12
rez,12
spider-man 2,12
nba street,12
ssx tricky,11
kingdom hearts ii,11
the warriors,10
cars,9
god hand,9
red faction,8
gran turismo 4,8
amplitude,8
war of the monsters,8
max payne,7
odin sphere,7
phantom brave,7
downhill domination,7
tales of the abyss,7
tekken tag tournament,7
radiata stories,6
rolling,6
fifa 14,6
monster hunter,6
xiii,6
shadow of rome,6
viewtiful joe,6
frequency,6
the thing,6
tekken 5,6
burnout 3: takedown,6
manhunt,6
ring of red,5
the bouncer,5
gitaroo man,5
hulk,5
freedom fighters,5
shin megami tensei: nocturne,5
soul calibur ii,5
metal gear solid 3: snake eater,5
crash twinsanity,5
killzone,5
need for speed: underground,4
we love katamari,4
dave mirra freestyle bmx 2,4
the punisher,4
armored core 3,4
ssx 3,4
baldur's gate: dark alliance,4
robots,4
burnout revenge,4
dog's life,4
bolt,4
driver 3,4
obscure,4
nba street vol. 2,4
need for speed: hot pursuit 2,3
yakuza,3
prince of persia: the sands of time,3
pac-man world 2,3
jak 3,3
pro evolution soccer,3
x-men legends,3
metal gear solid 2: substance,3
way of the samurai,3
medal of honor: frontline,3
primal,3
the suffering,3
red dead revolver,3
virtua fighter 4,3
tony hawk's pro skater 4,3
crazy taxi,3
state of emergency,3
star wars: battlefront,3
ty the tasmanian tiger,3
spyro: enter the dragonfly,3
disaster report,3
dragon quest viii: journey of the cursed king,3
sky odyssey,3
maximo: ghosts to glory,3
tekken 4,3
rule of rose,3
shadow hearts: covenant,2
pro evolution soccer 2014,2
prince of persia: warrior within,2
metal saga,2
pro evolution soccer 2,2
metal gear solid 3: subsistence,2
resident evil outbreak,2
monopoly,2
metal gear solid 2: sons of liberty,2
metal arms: glitch in the system,2
mercenaries: playground of destruction,2
steambot chronicles,2
the red star,2
street fighter anniversary collection,2
splashdown,2
toca race driver,2
wild arms 3,2
summoner,2
mvp baseball 2005,2
tenchu: wrath of heaven,2
soul reaver 2,2
soul calibur iii,2
toca race driver 3,2
shinobi,2
mashed,2
need for speed: most wanted,2
shadow of destiny,2
super dragon ball z,2
wipeout fusion,2
onimusha: warlords,2
tales of symphonia,2
sonic heroes,2
mister mosquito,2
guilty gear x,2
dynasty warriors 4,2
front mission 4,2
disgaea: hour of darkness,2
beyond good & evil,2
futurama,2
the getaway,2
bombastic,2
call of duty 3,2
gladius,2
god of war ii,2
gungrave,2
destroy all humans!,2
gradius v,2
def jam: fight for ny,2
gregory horror show,2
the great escape,2
grandia ii,2
culdcept,2
james bond 007: nightfire,2
grand theft auto: san andreas,2
ape escape 3,2
mafia,2
kinetica,2
kya: dark lineage,2
armored core 2,2
marvel vs. capcom 2,2
atv offroad fury,2
fire pro wrestling returns,2
espn nfl 2k5,2
ape escape 2,2
flatout,2
silpheed: the lost planet,1
silent hill 3,1
shrek 2,1
star ocean: till the end of time,1
devil kings,1
darkwatch,1
shining force neo,1
sly 3: honor among thieves,1
digimon rumble arena 2,1
devil may cry 3: dante's awakening,1
sniper elite,1
sitting ducks,1
dirge of cerberus: final fantasy vii,1
skygunner,1
escape from monkey island,1
drakengard,1
sphinx and the cursed mummy,1
spartan: total warrior,1
stretch panic,1
sly 2: band of thieves,1
dynasty warriors 3,1
echo night: beyond,1
driven,1
maximo vs. army of zin,1
crimson tears,1
armored core: last raven,1
transformers,1
transformers,1
trapt,1
barnyard,1
ultimate spider-man,1
atv offroad fury 3,1
armored core: nexus,1
armored core 2: another age,1
tony hawk's american wasteland,1
area 51,1
whiplash,1
arcana heart,1
wild arms 4,1
wwe smackdown vs. raw 2007,1
alien hominid,1
airblade,1
top spin,1
tony hawk's underground,1
suikoden v,1
champions: return to arms,1
suikoden tactics,1
crash nitro kart,1
everblue,1
crash bandicoot: the wrath of cortex,1
super monkey ball deluxe,1
clock tower 3,1
tales of destiny,1
champions of norrath: realms of everquest,1
batman begins,1
breath of fire: dragon quarter,1
blood will tell,1
blood omen 2,1
blade ii,1
beatmania,1
tomb raider: anniversary,1
tony hawk's pro skater 3,1
shining force exa,1
scaler,1
everblue 2,1
namco x capcom,1
nba 2k11,1
nba jam,1
jade cocoon 2,1
nba street v3,1
iridium runners,1
the incredible hulk,1
need for speed: underground 2,1
hot shots golf 3,1
neopets: the darkest faerie,1
nfl street,1
nfl street 2,1
nhl 2k6,1
the hobbit,1
harvest moon: save the homeland,1
okage: shadow king,1
nba 2k6,1
mx vs. atv unleashed,1
half-life,1
jurassic park: operation genesis,1
the mark of kri,1
mana khemia: alchemists of al-revis,1
maken shao,1
makai kingdom: chronicles of the sacred tome,1
madden nfl 06,1
legacy of kain: defiance,1
midnight club 2,1
midnight club 3: dub edition,1
mission impossible: operation surma,1
kessen,1
kengo: master of bushido,1
just cause,1
monster rancher 3,1
mortal kombat: shaolin monks,1
mvp baseball 2004,1
harry potter and the chamber of secrets,1
onimusha: dawn of dreams,1
shadow the hedgehog,1
robot alchemic drive,1
rock band,1
forever kingdom,1
flatout 2,1
romance of the three kingdoms x,1
romance of the three kingdoms xi,1
romancing saga: minstrel song,1
r-type final,1
rune: viking warlord,1
samurai warriors,1
scarface: the world is yours,1
second sight,1
final fantasy x-2,1
fantavision,1
family guy,1
extermination,1
freaky flyers,1
ridge racer v,1
guitar hero ii,1
garou: mark of the wolves,1
phantasy star universe,1
the plan,1
growlanser generations,1
pro evolution soccer 5,1
grand theft auto: vice city,1
project eden,1
psi-ops: the mindgate conspiracy,1
grand theft auto iii,1
gran turismo 3 a-spec,1
ratchet: deadlocked,1
ratchet & clank: going commando,1
ratchet & clank: up your arsenal,1
raw danger!,1
red faction ii,1
ghosthunter,1
ace combat zero: the belkan war,1
