up,345
the world ends with you,72
chrono trigger,54
radiant historia,33
elite beat agents,30
mario kart ds,29
scribblenauts,23
tetris ds,19
etrian odyssey,17
meteos,15
super mario 64 ds,14
rhythm heaven,14
picross 3d,13
metroid prime hunters,12
nostalgia,11
sonic rush,10
advance wars: dual strike,10
new super mario bros.,10
shin megami tensei: devil survivor,10
lock's quest,9
kirby mass attack,9
contact,9
contra 4,9
ghost trick: phantom detective,9
infinite space,8
super scribblenauts,8
castlevania: order of ecclesia,7
custom robo arena,7
picross ds,7
advance wars: days of ruin,7
mega man zx,6
castlevania: dawn of sorrow,6
final fantasy iii,6
mega man zero collection,5
time hollow,5
"nine hours, nine persons, nine doors",5
golden sun: dark dawn,5
final fantasy iv,5
phoenix wright: ace attorney,5
bomberman,5
shin megami tensei: strange journey,5
retro game challenge,5
cooking mama,5
fire emblem: shadow dragon,4
super princess peach,4
the legendary starfy,4
the legend of zelda: phantom hourglass,4
final fantasy tactics a2: grimoire of the rift,4
kirby: canvas curse,4
kirby super star ultra,4
lost in blue,4
jump ultimate stars,4
mario party ds,4
yoshi's island ds,4
disgaea ds,4
n+,4
trauma center: under the knife,4
mario & luigi: partners in time,4
lunar knights,3
solatorobo: red the hunter,3
kingdom hearts 358/2 days,3
shin megami tensei: devil survivor 2,3
professor layton and the curious village,3
nanashi no game,3
osu! tatakae! ouendan,3
ninja gaiden dragon sword,3
jet impulse,3
metroid prime pinball,3
monster tale,3
sands of destruction,3
castlevania: portrait of ruin,3
valkyrie profile: covenant of the plume,3
front mission,3
tales of innocence,3
clubhouse games,3
code lyoko,3
harvest moon ds,3
super robot taisen og saga: endless frontier,3
the bee game,3
bangai-o spirits,3
hotel dusk: room 215,3
drawn to life,3
aliens: infestation,3
phantasy star zero,2
ninjatown,2
trace memory,2
sonic colors,2
suikoden tierkreis,2
children of mana,2
summon night,2
warioware: touched!,2
planet puzzle league,2
big bang mini,2
professor layton and the diabolical box,2
avalon code,2
animal crossing: wild world,2
might & magic: clash of heroes,2
touch detective,2
inazuma eleven,2
electroplankton,2
jam with the band,2
the legend of zelda: spirit tracks,2
luminous arc,2
henry hatsworth in the puzzling adventure,2
soul bubbles,2
knights in the nightmare,2
star fox command,2
etrian odyssey iii: the drowned city,2
last window: the secret of cape west,2
style savvy,1
the wizard of oz: beyond the yellow brick road,1
worms: open warfare,1
worms: open warfare 2,1
sangokushi taisen ten,1
rondo of swords,1
signal,1
top spin 3,1
summon night: twin age,1
spectrobes,1
tornado,1
tales of the tempest,1
the urbz: sims in the city,1
soma bringer,1
sonic classic collection,1
trauma center: under the knife 2,1
trackmania turbo,1
tiger woods pga tour 08,1
sonic rush adventure,1
tmnt,1
tony hawk's american sk8land,1
space invaders extreme,1
mario hoops 3-on-3,1
robots,1
digimon world: dawn,1
exit,1
etrian odyssey ii: heroes of lagaard,1
eco creatures: save the forest,1
drone tactics,1
dragon quest monsters: joker,1
dragon quest heroes: rocket slime,1
dragon quest ix: sentinels of the starry skies,1
dragon quest v: hand of the heavenly bride,1
dragon ball z: attack of the saiyans,1
dokapon journey,1
diddy kong racing ds,1
riz-zoawd,1
diabolik: the original sin,1
deep labyrinth,1
the dark spire,1
daigasso! band brothers dx,1
carnival games,1
bubble bobble revolution,1
bomberman 2,1
battleship,1
baby pals,1
alex rider: stormbreaker,1
feel the magic: xy/xx,1
final fantasy xii revenant wings,1
final fantasy crystal chronicles: ring of fates,1
"flower, sun, and rain",1
rayman ds,1
puzzle quest: challenge of the warlords,1
puzzle kingdoms,1
puyo pop fever,1
professor layton and the last specter,1
ping pals,1
phoenix wright: ace attorney: trials and tribulations,1
nervous brickdown,1
nanostray,1
mushroom men: rise of the fungi,1
mega man zx advent,1
marvel trading card game,1
mario & luigi: bowser's inside story,1
little red riding hood's zombie bbq,1
lego star wars ii: the original trilogy,1
legacy of ys: books i & ii,1
labyrinth,1
jump super stars,1
james cameron's avatar: the game,1
guilty gear dust strikers,1
glory of heracles,1
zoo keeper,1
