metroid prime,102
resident evil,74
pikmin,53
super mario sunshine,45
resident evil 4,41
luigi's mansion,38
tales of symphonia,31
f-zero gx,29
animal crossing,28
super monkey ball,25
viewtiful joe,22
super smash bros. melee,18
kirby air ride,17
gun,17
custom robo,15
timesplitters 2,15
ikaruga,13
pikmin 2,13
gotcha force,12
fire emblem: path of radiance,11
mario party 4,10
mario kart: double dash,9
super mario strikers,9
geist,8
super monkey ball 2,8
sonic adventure 2: battle,8
skies of arcadia legends,7
eternal darkness: sanity's requiem,7
the legend of zelda: twilight princess,7
lost kingdoms,6
ssx tricky,6
shadow the hedgehog,6
spider-man,6
harvest moon: a wonderful life,6
final fantasy crystal chronicles,5
beyond good & evil,5
billy hatcher and the giant egg,5
resident evil zero,5
the legend of zelda: the wind waker,5
paper mario: the thousand-year door,5
metroid prime 2: echoes,4
sonic heroes,4
sonic mega collection,4
star fox adventures,4
killer7,4
xiii,4
battalion wars,4
baten kaitos: eternal wings and the lost ocean,4
mario superstar baseball,3
robots,3
bomberman generation,3
odama,3
nba street,3
ssx 3,3
baten kaitos origins,3
mario party 7,3
freedom fighters,3
burnout,3
baldur's gate: dark alliance,3
shrek 2,3
cel damage,3
tony hawk's pro skater 3,2
rayman arena,2
star fox: assault,2
star wars rogue squadron ii: rogue leader,2
nfl street,2
crazy taxi,2
ncaa college basketball 2k3,2
beach spikers,2
virtua striker 2002,2
tetris worlds,2
teen titans,2
metal arms: glitch in the system,2
spider-man 2,2
rayman 3: hoodlum havoc,2
mario power tennis,2
mario party 6,2
mario party 5,2
ty the tasmanian tiger,2
gauntlet: dark legacy,2
tom clancy's splinter cell,2
alien hominid,2
burnout 2: point of impact,1
speed kings,1
spongebob squarepants: battle for bikini bottom,1
soulcalibur ii,1
sphinx and the cursed mummy,1
charlie's angels,1
batman begins,1
ssx on tour,1
bomberman jetters,1
blood omen 2,1
chibi-robo!,1
timesplitters: future perfect,1
tmnt,1
tomb raider: legend,1
tube slider,1
ultimate spider-man,1
viewtiful joe 2,1
wario world,1
wwe day of reckoning,1
wwe day of reckoning 2,1
x-men legends,1
sonic gems collection,1
hunter: the reckoning,1
chicken little,1
mvp baseball 2005,1
freaky flyers,1
metal gear solid: the twin snakes,1
mega man anniversary collection,1
medal of honor: rising sun,1
madden nfl 2002,1
madagascar,1
gladius,1
goldeneye: rogue agent,1
legends of wrestling,1
happy feet,1
harry potter and the chamber of secrets,1
the legend of zelda: four swords adventures,1
harvest moon: another wonderful life,1
hitman 2: silent assassin,1
jimmy neutron: boy genius,1
the incredibles,1
the hobbit,1
amazing island,1
naruto: clash of ninja,1
the sims,1
nba live 2003,1
the simpsons: road rage,1
conflict: desert storm,1
serious sam: the next encounter,1
sega soccer slam,1
second sight,1
i-ninja,1
ribbit king,1
crash bandicoot: the wrath of cortex,1
crash tag team racing,1
rally championship,1
digimon world 4,1
disney sports basketball,1
donkey kong jungle beat,1
pac-man vs.,1
p.n.03,1
need for speed: underground,1
nba street v3,1
scaler,1
