super mario 64,25
paper mario,22
mario party,18
perfect dark,14
mario kart 64,13
diddy kong racing,12
star fox 64,8
goldeneye 007,7
conker's bad fur day,7
banjo-kazooie,6
mischief makers,6
jet force gemini,6
mario party 2,6
super smash bros.,6
donkey kong 64,5
nfl blitz,5
nfl blitz,5
legend o,5
wave race 64,4
wwf no mercy,4
mario party 3,3
f-zero x,3
mystical ninja starring goemon,3
superman,3
mario tennis,3
rocket: robot on wheels,2
star wars: shadows of the empire,2
nba hangtime,2
wcw/nwo revenge,2
yoshi's story,2
mario golf,2
banjo-tooie,2
hot wheels turbo racing,2
harvest moon 64,2
glover,2
bomberman 64,2
bomberman 64,2
doom 64,1
the world is not enough,1
winback,1
wetrix,1
blast corps,1
castlevania,1
chameleon twist,1
starcraft 64,1
chameleon twist 2,1
sin and punishment,1
snowboard kids,1
mega man 64,1
duke nukem 64,1
resident evil 2,1
quest 64,1
excitebike 64,1
fighters destiny,1
nhl 99,1
goemon's great adventure,1
mortal kombat 4,1
monaco grand prix,1
killer instinct gold,1
army men: sarge's heroes,1
