perfect dark,69
super mario 64,55
mario party,51
paper mario,46
diddy kong racing,42
mario kart 64,39
conker's bad fur day,34
jet force gemini,33
donkey kong 64,28
blast corps,25
superman,22
legend o,19
banjo-kazooie,17
mischief makers,17
bomberman 64,16
bomberman 64,16
star fox 64,15
snowboard kids,15
castlevania,15
super smash bros.,15
mario tennis,14
goldeneye 007,13
body harvest,13
harvest moon 64,11
wave race 64,11
wwf no mercy,11
mystical ninja starring goemon,11
tetrisphere,11
mario party 2,9
f-zero x,9
banjo-tooie,8
mario party 3,8
bug,8
nfl blitz,8
nfl blitz,8
doom 64,8
glover,7
space station silicon valley,7
quest 64,7
star wars: shadows of the empire,6
excitebike 64,6
rocket: robot on wheels,6
sin and punishment,6
goemon's great adventure,6
resident evil 2,5
nba hangtime,5
pilotwings 64,5
yoshi's story,5
vigilante 8,5
buck bumble,5
mega man 64,4
worms armageddon,4
destruction derby,4
new t,4
gauntlet legends,4
tony hawk's pro skater,4
wetrix,4
hybrid heaven,4
wcw/nwo revenge,4
killer instinct gold,4
battletanx,4
hot wheels turbo racing,3
star wars: rogue squadron,3
starcraft 64,3
mario golf,3
chameleon twist,3
duke nukem 64,3
robotron 64,3
winback,3
penny racers,3
snowboard kids 2,2
shadow man,2
spider-man,2
bomberman hero,2
cruis'n usa,2
dr. mario 64,2
daikatana,2
lego racers,2
forsaken 64,2
army men: sarge's heroes,2
tony hawk's pro skater 3,2
turok 2: seeds of evil,2
world driver championship,1
the world is not enough,1
stunt racer 64,1
super bowling,1
world cup 98,1
wipeout 64,1
wwf wrestlemania 2000,1
top gear overdrive,1
star wars: episode i: battle for naboo,1
war gods,1
animal crossing,1
star soldier: vanishing earth,1
road rash 64,1
bomberman 64: the second attack,1
castlevania: legacy of darkness,1
chameleon twist 2,1
custom robo,1
custom robo v2,1
fighters destiny,1
flying dragon,1
hexen,1
"hey you, pikachu!",1
indiana jones and the infernal machine,1
international superstar soccer 64,1
kirby 64: the crystal shards,1
last legion ux,1
magical tetris challenge,1
mickey's speedway usa,1
micro machines 64 turbo,1
mission: impossible,1
monaco grand prix,1
monopoly,1
mortal kombat 4,1
nfl blitz special edition,1
nhl 99,1
ogre battle 64: person of lordly caliber,1
rainbow six,1
rampage 2: universal tour,1
milo's astro lanes,1
