mega man,104
castlevania,61
contra,57
dragon warrior,33
metroid,32
final fantasy,32
river city ransom,32
double dragon,31
mega man 2,31
tetris,30
mario bros.,30
super mario bros.,27
baseball,25
ninja gaiden,24
blaster master,23
kirby's adventure,21
faxanadu,21
batman,20
battletoads,19
metal gear,18
bionic commando,18
commando,18
crystalis,18
ducktales,17
maniac mansion,16
the legend of zelda,16
bubble bobble,16
duck hunt,15
jackal,14
startropics,14
shatterhand,12
adventure island,10
metal storm,10
marble madness,10
tecmo super bowl,10
rygar,10
super mario bros. 3,10
blades of steel,10
teenage mutant ninja turtles,9
willow,9
little samson,8
tiny toon adventures,8
paperboy,8
excitebike,8
dr. mario,7
pac-man,7
pac-man,7
tecmo bowl,7
bucky o'hare,7
mega man 4,7
solomon's key,7
adventures of lolo,7
dragon spirit,7
donkey kong,6
r.c. pro-am,6
gauntlet,6
golf,6
power blade,6
ice hockey,6
super mario bros. 2,6
kickle cubicle,6
california games,6
kid icarus,6
wacky races,6
life force,6
base wars,6
the guardian legend,5
shadow of the ninja,5
super dodge ball,5
jaws,5
karnov,5
shadowgate,5
star wars,5
mega man 3,5
1942,5
gradius,5
cobra triangle,5
yoshi,5
baseball stars,5
captain skyhawk,4
bomberman,4
strider,4
mega man 5,4
monopoly,4
xexyz,4
little nemo: the dream master,4
rad racer,4
monster in my pocket,3
astyanax,3
mega man 6,3
journey to silius,3
felix the cat,3
wizards & warriors,3
punch-out!!,3
heavy barrel,3
double dribble,3
monster party,3
shingen the ruler,3
ms. pac-man,3
conquest of the crystal palace,3
castlevania ii: simon's quest,3
ducktales 2,3
soccer,3
james bond jr.,3
burgertime,3
yo! noid,3
vice: project doom,3
spy hunter,3
pirates!,3
top gun,3
zanac,2
renegade,2
battletoads & double dragon,2
snake's revenge,2
who framed roger rabbit,2
baseball simulator 1.000,2
skate or die!,2
balloon fight,2
adventure island 3,2
silver surfer,2
mighty final fight,2
mike tyson's punch-out!!,2
legendary wings,2
anticipation,2
operation wolf,2
over horizon,2
section z,2
pro wrestling,2
panic restaurant,2
power blade 2,2
dragon warrior ii,2
dragon warrior iii,2
wario's woods,2
trog!,2
tennis,2
friday the 13th,2
super spy hunter,2
demon sword,2
rampage,2
guerrilla war,2
gun-nac,2
gun.smoke,2
gyruss,2
hook,2
hoops,2
ice climber,2
ikari warriors,2
home alone,2
rampart,2
legacy of the wizard,2
kabuki quantum fighter,2
joust,2
kung-fu,2
road fighter,1
super pitfall,1
star voyager,1
swamp thing,1
talespin,1
time lord,1
yoshi's cookie,1
teenage mutant ninja turtles ii: the arcade game,1
the ren & stimpy show: buckaroo$!,1
teenage mutant ninja turtles iii: the manhattan project,1
tecmo nba basketball,1
tiny toon adventures 2: trouble in wackyland,1
where's waldo?,1
the three stooges,1
ring king,1
zelda ii: the adventure of link,1
tecmo world wrestling,1
tiger heli,1
track & field,1
super cars,1
xevious,1
totally rad,1
wolverine,1
world class track meet,1
street fighter 2010: the final fight,1
the smurfs,1
slalom,1
stinger,1
toki,1
wild gunman,1
silkworm,1
silent service,1
wayne gretzky hockey,1
trojan,1
snow brothers,1
ultima iv: quest of the avatar,1
wrecking crew,1
xenophobe,1
starship hector,1
low g man: the low gravity man,1
rambo,1
burai fighter,1
caveman games,1
chip 'n dale rescue rangers 2,1
chubby cherub,1
city connection,1
clash at demonhead,1
clu clu land,1
contra force,1
cowboy kid,1
destiny of an emperor,1
devil world,1
donkey kong 3,1
double dragon ii: the revenge,1
double dragon iii: the sacred stones,1
dragon fighter,1
dragon power,1
elite,1
fester's quest,1
cabal,1
bubble bobble part 2,1
rainbow islands,1
breakthru,1
abadox,1
adventure island ii,1
adventures of lolo 2,1
adventures of lolo 3,1
amagon,1
american gladiators,1
archon,1
arkanoid,1
arkista's ring,1
attack of the killer tomatoes,1
bad dudes,1
bad news baseball,1
bases loaded,1
battleship,1
bomberman ii,1
bonk's adventure,1
boulder dash,1
freedom force,1
g.i. joe: a real american hero,1
galaga,1
gauntlet ii,1
mickey mousecapade,1
mickey's adventures in numberland,1
mickey's safari in letterland,1
mighty bomb jack,1
millipede,1
milon's secret castle,1
mr. gimmick,1
nes open tournament golf,1
ninja kid,1
nintendo world cup,1
overlord,1
paperboy 2,1
pinball,1
platoon,1
prince of persia,1
qix,1
r.b.i. baseball,1
mappy-land,1
m.u.l.e.,1
m.c. kids,1
isolated warrior,1
genghis khan,1
ghostbusters,1
ghost lion,1
golgo 13: top secret episode,1
hogan's alley,1
hydlide,1
iron tank,1
jimmy connors tennis,1
lunar pool,1
joe & mac,1
jordan vs. bird: one on one,1
kick master,1
kid klown in night mayor world,1
kings of the beach,1
the lone ranger,1
8 eyes,1
zombie nation,1
