chrono trigger,108
super mario world,63
super metroid,60
secret of mana,56
earthbound,53
legend,51
donkey kong country,48
f-zero,31
tetris,29
mega man x,27
actraiser,25
nba jam,25
star fox,24
terranigma,22
illusion of gaia,20
final fantasy ii,19
zombies ate my neighbors,19
super mario kart,19
final fight,18
secret of evermore,18
mortal kombat,18
sunset riders,16
earthworm jim,16
tetris attack,16
top gear,15
cybernator,14
pilotwings,14
super mario all-stars,14
harvest moon,13
goof troop,13
uniracers,13
mario paint,12
killer instinct,12
gradius iii,11
breath of fire,11
super castlevania iv,11
super star wars,11
final fantasy iii,11
the legend of zelda: a link to the past,10
batman returns,10
super bomberman,10
demon's crest,9
the lost vikings,9
shadowrun,8
metal warriors,7
soul blazer,7
axelay,7
super tennis,7
lagoon,7
hook,6
super mario world 2: yoshi's island,6
joe & mac,6
blackthorne,6
uncharted waters,6
pieces,6
cool spot,6
kirby super star,5
sparkster,5
prince of persia,5
ninja warriors,5
kirby's dream course,5
space megaforce,5
skyblazer,5
wild guns,5
knights of the round,5
super bonk,4
international superstar soccer,4
mega man 7,4
run saber,4
super double dragon,4
metal marines,4
top gear 3000,4
super turrican,4
super r-type,4
ghoul patrol,4
biker mice from mars,4
pocky & rocky,4
plok,4
total carnage,4
doom,4
final fight 2,4
donkey kong country 2: diddy's kong quest,3
actraiser 2,3
smart ball,3
simcity,3
darius twin,3
breath of fire ii,3
top gear 2,3
saturday night slam masters,3
mighty morphin power rangers,3
claymates,3
mega man x2,3
e.v.o.: search for eden,3
super earth defense force,3
teenage mutant ninja turtles iv: turtles in time,3
jurassic park,3
mortal kombat ii,3
super off road,3
super ninja boy,3
uncharted waters: new horizons,3
nhl '94,3
u.n. squadron,3
stunt race fx,3
final fight 3,3
captain commando,3
yoshi's cookie,2
phantom 2040,2
pirates of dark water,2
rock n' roll racing,2
primal rage,2
young merlin,2
robotrek,2
worms,2
super bases loaded,2
samurai shodown,2
whirlo,2
super star wars: the empire strikes back,2
tetris 2,2
super smash t.v.,2
super punch-out!!,2
super nova,2
true lies,2
the twisted tales of spike mcfang,2
super mario rpg: legend of the seven stars,2
out of this world,2
super ghouls 'n ghosts,2
super buster bros.,2
street racer,2
street fighter alpha 2,2
spanky's quest,2
wario's woods,2
phalanx,2
the 7th saga,2
home alone,2
ardy lightfoot,2
the flintstones,2
dragon view,2
international superstar soccer deluxe,2
congo's caper,2
jungle strike,2
civilization,2
kendo rage,2
king arthur's world,2
king of the monsters,2
kirby's dream land 3,2
lemmings,2
the lion king,2
maui mallard in cold shadow,2
battle clash,2
final fantasy mystic quest,2
alien 3,2
addams family values,2
aerobiz,2
musya,2
nosferatu,2
mortal kombat 3,2
equinox,1
x-zone,1
aerobiz supersonic,1
wwf royal rumble,1
wwf super wrestlemania,1
super turrican 2,1
x-men: mutant apocalypse,1
super troll islands,1
clue,1
fighter's history,1
super putty,1
contra iii: the alien wars,1
ys iii: wanderers from ys,1
super valis iv,1
super soccer,1
fatal fury special,1
fatal fury 2,1
drakkhen,1
arcana,1
captain novolin,1
casper,1
california games 2,1
animaniacs,1
ultimate mortal kombat 3,1
battletoads in battlemaniacs,1
alien vs predator,1
bill laimbeer's combat basketball,1
tuff e nuff,1
boxing legends of the ring,1
toys,1
toy story,1
brain lord,1
the brainies,1
the firemen,1
brawl brothers,1
tom and jerry,1
tiny toon adventures: buster busts loose!,1
thunder spirits,1
bubsy in claws encounters of the furred kind,1
world heroes,1
bust-a-move,1
brandish,1
the peace keepers,1
firepower 2000,1
road runner's death valley rally,1
looney tunes b-ball,1
shaq fu,1
the lost vikings 2,1
lufia ii: rise of the sinistrals,1
magic sword,1
mechwarrior,1
sailor moon,1
mega man x3,1
rocky rodent,1
mohawk & headphone jack,1
rise of the robots,1
smash tennis,1
radical rex,1
nba jam tournament edition,1
porky pig's haunted holiday,1
pop'n twinbee,1
pocky & rocky 2,1
nickelodeon guts,1
nigel mansell's world championship racing,1
nobunaga's ambition,1
ogre battle: the march of the black queen,1
on the ball,1
simearth,1
soldiers of fortune,1
firestriker,1
super baseball simulator 1.000,1
goal!,1
super high impact,1
hagane: the final conflict,1
oscar,1
the ignition factor,1
incantation,1
joe & mac 2: lost in the tropics,1
super bomberman 3,1
super bomberman 2,1
jurassic park 2: the chaos continues,1
super adventure island,1
sonic blast man,1
ken griffey jr. presents major league baseball,1
stargate,1
king of the monsters 2,1
speedy gonzales: los gatos bandidos,1
spectre,1
kirby's avalanche,1
krusty's super fun house,1
space invaders,1
the legend of the mystical ninja,1
sos,1
ninja gaiden trilogy,1
