fire emblem awakening,54
bravely default,47
fantasy life,45
super mario 3d land,43
mario kart 7,42
luigi's mansion,39
monster hunter 4,34
animal crossing: new leaf,25
rune factory 4,23
tales of the abyss,21
kid icarus: uprising,20
monster hunter 4 ultimate,18
shovel knight,18
shin megami tensei iv,18
monster hunter 3 ultimate,15
pushmo,14
stella glow,11
luigi's mansion: dark moon,11
myst,10
cave story,10
dragon quest,9
project x zone,9
monster hunter generations,8
yo-kai watch,8
monster hunter stories,8
story of seasons,8
xenoblade chronicles 3d,8
zero escape: virtue's last reward,8
crashmo,8
resident evil: revelations,7
ever oasis,7
tomodachi life,7
theatrhythm final fantasy,7
shinobi,6
donkey kong country returns 3d,6
steel diver,6
detective pikachu,5
star fox 64 3d,5
gunman clive,5
hyrule warriors legends,5
pilotwings resort,4
mario golf: world tour,4
metroid: samus returns,4
steamworld dig,4
the legend of zelda: a link between worlds,4
kirby: planet robobot,4
stretchmo,4
cave story 3d,4
theatrhythm final fantasy: curtain call,4
heroes of ruin,4
final fantasy explorers,4
vvvvvv,3
new super mario bros. 2,3
corpse party,3
sonic generations,3
kingdom hearts 3d: dream drop distance,3
the legend of zelda: ocarina of time 3d,3
project x zone 2,3
dragon quest viii,2
picross e,2
rhythm heaven megamix,2
pocket card jockey,2
professor layton and the azran legacy,2
professor layton and the miracle mask,2
dead or alive: dimensions,2
azure striker gunvolt,2
dragon quest vii,2
mighty gunvolt,2
kirby: triple deluxe,2
steamworld dig 2,2
terraria,2
steel diver: sub wars,2
metal gear solid: snake eater 3d,2
garfield kart,2
edge,2
etrian odyssey iv: legends of the titan,2
liberation maiden,2
3d streets of rage,2
mario & luigi: dream team,2
shin megami tensei iv: apocalypse,1
style savvy: trendsetters,1
radiant historia: perfect chronology,1
yoshi's new island,1
speedx 3d,1
rto,1
ridge racer 3d,1
super smash bros. for nintendo 3ds,1
samurai warriors: chronicles,1
scribblenauts unlimited,1
wwe all stars,1
tom clancy's ghost recon: shadow wars,1
shin megami tensei: devil summoner: soul hackers,1
puzzle & dragons z,1
shantae and the pirate's curse,1
3d classics: kid icarus,1
poochy & yoshi's woolly world,1
pinball hall of fame: the williams collection,1
fire emblem fates: conquest,1
fire emblem fates: birthright,1
fire emblem echoes: shadows of valentia,1
fifteen,1
etrian odyssey v: beyond the myth,1
dream trigger 3d,1
dragon quest xi,1
dragon quest x,1
dragon ball fusions,1
disney magical world,1
disney art academy,1
dillon's rolling western,1
devil survivor 2: record breaker,1
crosswords plus,1
bit.trip saga,1
bike rider dx,1
3d streets of rage 2,1
gotta protectors,1
harmoknight,1
the hidden,1
miitopia,1
phoenix wright: ace attorney trilogy,1
paper mario: sticker star,1
pac-man & galaga dimensions,1
noitu love: devolution,1
nintendo pocket football club,1
mutant mudds,1
moco moco friends,1
mighty switch force!,1
kokuga,1
metroid prime: federation force,1
mario party: star rush,1
mario party: island tour,1
mario & luigi: superstar saga + bowser's minions,1
lord of magna: maiden heaven,1
lego friends,1
the legend of zelda: majora's mask 3d,1
zero time dilemma,1
